id;Vrsta;Breed;Skupina;Opis;Temperament;MinVisCM;MaxVisCM;MinKG;MaxKG;MinAge;MaxAge;NjegaDlake;Linjanje;RazEnergije;Trening;Vladanje;Slika
1;Majmunski pinč;Affenpinscher;Toy Group;"Izgled majmunskog pinča opisan je na raznoliko. Drugi nazivi su ""majmunski pas"" i ""majmunski terijer"", a francuski naziv pasmine je diablotin moustachu: brkati mali vrag. Obožavatelji Ratova zvijezda prepiru se nalikuju li više Wookijima ili Ewoksima. Iako maleni rastom, ovi snažni psi nalik terijerima pristupaju životu s velikim samopouzdanjem. Mišljenje j eprofesionalnog vodiča da se ovu pasminu ne trenira već se s njom stvara prijateljstvo kao s čovjekom. Ima gustu, grubu dlaku opisanu kao ""urednu, ali čupavu"", a dolazi u više boja. U hodu se kreće lagano i sigurno. Može biti svojevoljan i dominantan, ali je uglavnom odan, privržen i uvijek zabavan. Vlasnici ističu da vole biti u vlasništvu svojih malih pasa majmuna. Odan, znatiželjan i na glasu kao zabavan; ovaj gotovo ljudski pas igračka neustrašiv je pootpuno nesrazmjerno svojoj veličini. Kao i kod svih velikih komičara, očita ozbiljnost namjere čini njegove ludorije još zabavnijima.";Samouvjeren;23;29;3;5;12;15;Četkanje 2-3 puta tjedno;Seasonal;Redovito vježbanje;Lak za treniranje;Otvoreno;
2;Afganistanski hrt;Afghan Hound;Hound group;"Afganistanski hrt je drevna pasmina, cijeli njegov izgled odiše dostojanstvom i povučenošću - njegove oči gledaju u daljinu kao u sjećanje na prošla vremena. Inteligentan i neovisan um, cijela njegova pojava odiše dostojanstvom i stilom. Svojima je predan i odan sa šarmantnom i živahnom osobnošću. Afganistanski hrt je atleta sposoban za golemu brzinu i zahtijeva veliko ograđeno dvorište i svakodnevnu tjelovježbu. Od davnina su afganistanski hrti poznati po svojoj elegantnoj ljepoti. Ali gusta, svilenkasta, lepršava dlaka koja predstavlja krunu slave ove pasmine nije samo za pokazivanje - služila je kao zaštita od oštre klime u planinskim regijama gdje su Afganistanci prvobitno zaradili svoje mjesto. Ispod glamurozne vanjštine Afganistanca krije se snažan, okretan gonič - visok čak 27 inča u ramenu - stvoren za cjelodnevni lov. Njihovi ogromni jastučići na šapama djelovali su kao amortizeri na teškom terenu njihove domovine. Afganistanski hrt je posebna pasmina za posebne ljude. Stručnjak za pasmine piše: ""To nije pasmina za sve potencijalne vlasnike pasa, ali tamo gdje je kombinacija psa i vlasnika prava, nijedna životinja ne može biti jednaka afganistanskom hrtu kao kućnom ljubimcu."" Afganistanski hrt je povučen i dostojanstven aristokrat uzvišene ljepote. Unatoč svom kraljevskom izgledu, poznat je po dubokoj odanosti, osjetljivoj prirodi i apsolutnoj ljubavi prema onima koje naziva svojima.";Dostojanstven, duboko odan, aristokratski;64;69;23;28;12;15;Dnevno četkanje;Infrequent;Energetičan;Može biti tvrdoglav;Povučen / Oprezan;
3;Airedale terijer;Airedale Terrier;Terrier group;"Airedale terijer je najveća od svih pasmina terijera. Mužjaci stoje oko 23 inča u ramenu, a ženke nešto manje. Gusta, žilava dlaka je smeđe boje s crnim oznakama. Duge, mišićave noge Airedalesima daju kraljevski uzgon u držanju, a duga glava - sa svojom sportskom bradom i brkovima, tamnim očima i uredno sklopljenim ušima - odaje oštru inteligenciju. Airedales su prava slika budnog i voljnog terijera - samo veći. I, poput svojih manjih rođaka iz obitelji terijera, može biti odvažan, odlučan i tvrdoglav. Airedales su poslušni i strpljivi s djecom, ali neće ustuknuti kada štite ognjište i dom. Zahvaljujući svom poznatom stavu ""uradi sve"", Airedales se ističe u svim vrstama sportskih i obiteljskih aktivnosti. Njegova veličina, snaga i nepokolebljivi duh donijeli su Airedale terijeru nadimak ""Kralj terijera"". Airedale spada među najsvestranije pasmine pasa na svijetu i istaknuo se kao lovac, sportaš i društvo.";Prijateljski raspoložen, pametan, hrabar;58;58;23;32;11;14;Četkanje 2-3 puta tjedno;Occasional;Redovito vježbanje;Željan udovoljiti;Prijateljsko;
4;Akita;Akita;Working group;Akite su krupni psi tipa špica teških kostiju impozantnog stasa. Stojeći 24 do 28 inča u ramenu, Akite imaju gustu dlaku koja dolazi u nekoliko boja, uključujući bijelu. Glava je široka i masivna, a straga je uravnotežena punim, uvijenim repom. Uspravne uši i tamne, sjajne oči pridonose izrazu budnosti, obilježju pasmine. Akite su tihi, probirljivi psi. Oprezne prema strancima i često netolerantne prema drugim životinjama, Akite će rado podijeliti svoju luckastu, privrženu stranu s obitelji i prijateljima. Oni napreduju u ljudskom druženju. Velika Akita neovisnog razmišljanja ustrojena je za zaštitu onih koje voli. Od rođenja moraju biti dobro socijalizirani s ljudima i drugim psima. Akite su mišićavi psi s dvostrukom dlakom drevne japanske loze poznati po svom dostojanstvu, hrabrosti i odanosti. U rodnom kraju štuju se kao zaštitnici obitelji i simboli dobrog zdravlja, sreće i dugog života.;Hrabar, dostojanstven, duboko odan;61;71;32;59;10;13;Dnevno četkanje;Seasonal;Energetičan;Željan udovoljiti;Na oprezu / Responzivan;
5;Aljaški malamut;Alaskan Malamute;Working group;"Aljaški malamut visok je 23 do 25 inča u ramenu i težak je 75 do 85 funti. Sve u vezi Malsa sugerira njihovo podrijetlo kao arktičkog psa za sanjkanje: teška kost, duboka prsa, snažna ramena i gusta dlaka otporna na vremenske uvjete vrište: ""Naporno radim za život!"" Ali njihove smeđe oči u obliku badema imaju nježan sjaj, što sugerira da Malovi uživaju u maženju sa svojim ljudima kada je radni dan gotov. Malovi su tovarne životinje. A u vašem obiteljskom ""čoporu"" vođa morate biti vi. Ako vas Mal ne poštuje, on će vas posjedovati umjesto obrnuto. Čvrsto, ali s ljubavlju školovanje treba započeti u ranoj dobi šteneta. Uz to, užitak je biti s dobro odgojenim Malom - razigran, nježan, prijateljski nastrojen i odličan s djecom. Neizmjerno snažan, težak radnik tipa špica, aljaški malamut je privržen, odan i razigran, ali dostojanstven pas prepoznatljiv po svom dobro odlakanom repu s perjem nošenom preko leđa, uspravnim ušima i čvrstoj kosti.";Privržen, odan, zaigran;58;64;34;39;10;14;Četkanje 2-3 puta tjedno;Seasonal;Energetičan;Nezavisan;Prijateljsko;
6;Američki buldog;American Bulldog;Foundation Stock Service;"Američki buldog je potomak engleskog buldoga. Vjeruje se da je buldog bio u Americi još u 17. stoljeću. Došli su u Sjedinjene Države 1800-ih, s imigrantima koji su sa sobom doveli svoje radne buldoge. Mali farmeri i stočari koristili su ovog svestranog radnog psa za mnoge zadatke, uključujući čuvare farmi, pse za stoku i pse za hvatanje. Pasmina je uglavnom preživjela, osobito u južnim državama, zahvaljujući svojoj sposobnosti da obori i uhvati divlje svinje. Pasmina koju poznajemo kao američki buldog izvorno je bila poznata pod mnogim različitim imenima prije nego što je naziv američki buldog postao standard. U različitim dijelovima juga bio je poznat kao bijeli engleski južni buldog, ali najčešće samo ""bulldog"". Pasmina nije nazvana buldog zbog određenog izgleda, već zato što su radili pravi buldog. Podaci za kontakt s pasminomKatrina HuffmasterPhone: 850-519-3089 Američki buldozi su dobro uravnoteženi atletski psi koji pokazuju veliku snagu, izdržljivost, agilnost i prijateljski stav. Povijesno gledano, uzgajani su kao pomoćni psi koji su se koristili za rad na farmi.";Odan, samopouzdan;51;64;27;45;10;12;Povremeno kupanje i četkanje;Seasonal;Energetičan;Ugodan/Agreeable;Na oprezu / Responzivan;
7;Američko engleski Coonhound;American English Coonhound;Hound group;"Visoki čak 26 inča u ramenu, američki engleski coonhoundi su sportaši dubokih prsa, slatkog lica koje sportaši vole zbog svoje brzine i izdržljivosti. Čvrsto nategnut preko atletskog stasa je srednje dugačak kaput različitih uzoraka, neki s štiklima. Glava je široka s kupolastom lubanjom, s mekim, nisko spuštenim ušima i tamnosmeđim očima koje sjaje toplinom i ljubaznošću. Američki engleski coonhoundi su blagi kada nisu na dužnosti, ali uporni i tvrdoglavi u potjeri za svojim prstenastim plijenom. Njihov radni nagon i energija, strpljenje koje je potrebno da ih se trenira za stvari koje nisu lov na rakune i njihov glasan, zvonki lavež mogu učiniti ovu pasminu lošom za kućne ljubimce vlasnicima početnicima. Neki pasionirani ljubitelji američkih engleskih pasmina coonhounda smatraju da bez sportskog oduška za goničke vrline ove pasmine jednostavno gubite dobrog psa. Ovi elegantni i živahni, mršavi, ali mišićavi goniči rade od sumraka do zore u potjeri za lukavim rakunom. Prizor američkog engleskog coonhounda kako juri kroz šumu obasjanu mjesečinom, pun tetiva i odlučnosti, urlajući svoju sladostrasnu noćnu glazbu, pravi je raj za lovce na rakune."",""";Sladak, drag, društven;58;66;20;59;11;12;Povremeno kupanje i četkanje;Occasional;Energetičan;Ugodan/Agreeable;Na oprezu / Responzivan;
8;Američki eksimski pas;American Eskimo Dog;Non-Sporting Group;"Američki eskimski pas dolazi u tri veličine - standardni, minijaturni i igrački - visok je čak 19 inča u ramenu ili nizak kao 9 inča. Karakteristične osobine uključuju gustu, svjetlucavo bijelu dlaku s lavljim rubom oko prsa i ramena; nasmiješeno lice, s crnim nosom, usnama i okvirima očiju koji odaju oštar, inteligentan izraz; i rep s perjem nošen preko leđa. Neki Eskies imaju oznake s ukusnom bojom naziva ""krema od keksa"". Kreću se hrabrim i okretnim hodom. Eskies su društvene životinje i mogu razviti problematična ponašanja kada su zanemareni ili nedovoljno trenirani - oni inzistiraju na tome da budu dio obiteljskog života. Među pasminama koje se najbolje mogu trenirati, pametni Eskie, prijateljski nastrojen prema djeci, praktički je izmislio izraz ""željan ugoditi"". Američki eskimski pas kombinira zapanjujući dobar izgled s brzim i pametnim umom u paketu pameti i ljepote. Nisu ni sramežljivi ni agresivni, Eskies su uvijek oprezni i prijateljski raspoloženi, iako pomalo konzervativni kada sklapaju nova prijateljstva.""";Razigrani, živahni, pametni;23;48;3;16;13;15;Tjedno četkanje;Seasonal;Energetičan;Željan udovoljiti;Otvoreno;
9;Američki lisičar;American Foxhound;Hound group;Američki lisičari su uglađeni lovci u lovu, poznati po svojoj brzini, izdržljivosti i radnoj etici. Američkog lisičara možete razlikovati od njihovog britanskog rođaka engleskog lisičara po duljini nogu—američke noge su duže i finijih kostiju—i po blago zaobljenim slabinama (stražnji dio) američkih lisičara. Američki lisičari imaju velike, meke oči s izrazom koji se opisuje kao nježan i Zasad, dobro. Ali trebaju puno vježbe ili mogu postati depresivni. Njihovo glasno deranje je melodično za ljubitelje pasa, a dresura i provala u kuću mogu biti veliki izazov za vlasnike početnike Foxhounds su dobroćudni goniči koji ne zahtijevaju održavanje i dobro se slažu s djecom, psima, čak i mačkama, ali imaju posebne obzire prema budućim vlasnicima. Usko su povezani s revolucionarnim herojima i valovitim imanjima stare Virginije.;Neovisan, ležeran, dobroćudan;53;64;27;32;11;13;Povremeno kupanje i četkanje;Seasonal;Energetičan;Nezavisan;Prijateljsko;
10;Američki goli terijer;American Hairless Terrier;Terrier group;Američki goli terijer visok je između 12 i 16 inča u ramenu, a dolazi u varijantama s dlakom i bez dlake. Varijanta bez dlake može imati obrve i brkove, dok dlaka ima kratku, sjajnu dlaku. Koža bezdlakih je glatka i topla na dodir. Široka glava klinastog oblika obilježje je obje sorte. Uspravne uši u obliku slova V uokviruju okrugle, izražajne oči koje blistaju od znatiželje. Američki golodlaki kreće se živahnim korakom koji najavljuje pravi terijerski stav. Varijanta bez dlake je hipoalergena koliko pas može biti. Bez dlake, međutim, predstavlja svoje izazove. Opekline od sunca predstavljaju problem, a hladno vrijeme zahtijeva posebne mjere opreza. Ova pasmina je zaštitnički nastrojena prema svojim ljudima i budni su psi čuvari. Američki goli terijer, porijeklom iz Louisiane, pametan je, znatiželjan i razigran pas koji dolazi u varijantama bez dlake i dlake. On je dobar izbor za osobe koje pate od alergija i žele psa s pravom terijerskom odlučnošću i hrabrošću.;Energičan, oprezan, znatiželjan;30;41;5;7;14;16;Zaštita od sunca;;Redovito vježbanje;Željan udovoljiti;Zaigrano / Znatiželjno;
11;Američki leopardski gonič;American Leopard Hound;Hound group;"Američki leopard gonič je pas srednje do velike veličine i dolazi u tri uzorka: Solid, Leopard i Brindle; devet različitih službenih boja; i razne oznake, međutim, šezdeset posto svih američkih leoparda su jednobojni psi. Pasmina je vrlo svestrana u lovu na razne vrste divljači uključujući, ali ne ograničavajući se na, rakuna, medvjeda, risa, pumu, vjevericu i bilo koju drugu divljač koja voli drveće. Kao posebno žilava pasmina, također se iznimno dobro snalaze u ekstremnim vremenskim uvjetima, vrućim i hladnim. Američki leopard službeno je organiziran i nazvan American Leopard Cur 1960., ali su ga članovi kluba pasmine promijenili u American Leopard Hound 1. svibnja 2008., godinama prije dolaska u American Kennel Club. Ime kontakta za pasminu: Jackie CarpenterE-pošta: plott_dog@yahoo.com Inteligencija je jedna od najboljih osobina američkog leopard goniča. Pasmina je puna ljubavi i privrženosti prema svojoj obitelji i izrazito su zaštitnički nastrojeni prema djeci. Američki leopardi jedna su od najstarijih pasmina pasa drveća u SAD-u i imaju izuzetno jake sposobnosti praćenja, često mogu pratiti plijen kilometrima.";Društveni, energični, inteligentni;53;69;20;32;12;15;Tjedno četkanje;Seasonal;Energetičan;Željan udovoljiti;Na oprezu / Responzivan;
12;Američki staford terijer;Američki stafordski terijer;Terrier group;"AmStaffs su zdepasti, mišićavi terijeri tipa bull koji stoje 17 do 19 inča u ramenu. Glava je široka, čeljusti dobro izražene, jagodične kosti izražene, a tamne okrugle oči široko su razmaknute. Kretanje AmStaffa je okretno i graciozno, s elastičnim hodom koji oglašava urođeno samopouzdanje pasmine. Čvrsta, sjajna dlaka dolazi u mnogim bojama i uzorcima. AmStaffers opisuje svoje pse kao vrlo svjesne svoje okoline, igru ​​za sve i simpatične ""pse osobnosti"" po kući. AmStaffs voli mentalne i fizičke izazove. Vrlo su podložni dresuri, kao što sugeriraju njihovi brojni pohodi u showbiz. Kada kupujete AmStaff, postoji samo jedan način: Napravite domaću zadaću i pronađite odgovornog AKC uzgajivača. Američki stafordski terijeri, poznati svojim obožavateljima kao AmStaffs, pametni su, samopouzdani i dobrodušni drugovi. Njihova hrabrost je poslovična. Odgovorno odgojen, dobro socijaliziran AmStaff odan je, pouzdan prijatelj do kraja.";Samouvjeren, pametan, dobrodušan;43;48;18;32;12;16;Povremeno kupanje i četkanje;Occasional;Redovito vježbanje;Ugodan/Agreeable;Na oprezu / Responzivan;
13;Američki vodeni španijel;American Water Spaniel;Sporting group;"Američki vodeni španijeli su mišićavi gunddosi srednje veličine, ne upadljivog izgleda ili performansi, a prepoznatljivi su po bujnoj smeđoj dlaci koja je ili čvrsto ukovrčana ili valovita. Uzgajani za rad u ledenim vodama i močvarnim obalama regije Velikih jezera, ovi španijeli idealno su opremljeni za posao: dlaka je gusta i vodootporna, stopala su debelo podstavljena, prsti isprepleteni, a tijelo je dovoljno maleno da pas može uskočiti i izaći iz čamca bez ljuljanja čamca. Obožavatelji pasmine opisuju veselog, inteligentnog i svestranog španijela prikladnog za razne pseće sportove. Kao lovci objedinjuju radne osobine španijela i retrivera. Ključ sreće američkog vodenog španijela je aktivnost, posebno uz njihovog obožavanog čovjeka. Nedovoljno zaposlen pas može biti lajav i destruktivan. Američki vodeni španijel, porijeklom iz jezerske zemlje na gornjem srednjem zapadu, optimističan je sportaš koji voli loviti i plivati. Poznati su kao sretni, željni i šarmantni, iako povučeni prema strancima i pomalo tvrdoglavi.""";Željni, sretni, šarmantni;38;46;11;20;10;14;Četkanje 2-3 puta tjedno;Infrequent;Redovito vježbanje;Željan udovoljiti;Prijateljsko;
14;Anatolski ovčar;Anatolian Shepherd Dog;Working group;Anatolski ovčar visok je između 27 i 29 inča u ramenu i može težiti čak 150 funti. Bogato mišićavi, ali okretni u hodu, Anatolijci su više nego dorasli grabežljivcima i surovom terenu svoje domovine. Anatolci potječu od nekih od najstarijih poznatih krvnih loza domaćih pasa. Ovo pasmini daje osjećaj bezvremenosti, neupadljive, netaknute kvalitete koja nas vraća 6000 godina unatrag u brončano doba. Anatolijci su pametni, odani, osjetljivi i prilagodljivi. Oni će intenzivno štititi svoje stado - stoku, djecu, manje pse, čak i obiteljsku mačku. Anatolijski vlasnici moraju biti jaki vođe, voljni i sposobni nositi se s psom koji je jednako dominantan i zahtjevan kao što je miran i pun ljubavi. Anatolski ovčar je grub, impozantan čuvar stada drevne loze. Zaštitnički i teritorijalni, ali i inteligentni, strpljivi i duboko odani, ovi mišićavi osvetnici cijenjeni su kao radni psi čuvari bez premca.;Odani, Neovisni, Rezervirani;69;74;36;68;11;13;Tjedno četkanje;Seasonal;Redovito vježbanje;Nezavisan;Rezerviran s nepoznatima;
15;Appenzeller Sennenhund;Appenzeller Sennenhund;Foundation Stock Service;Appenzeller Sennenhund također je poznat kao Appenzeller planinski pas ili Appenzeller govedarski pas. Živahan je, raspoložen, samouvjeren, pouzdan i neustrašiv. Pomalo sumnjičav prema strancima, dobar je pas čuvar koji se ne da podmititi. Inteligencija ove pasmine čini ih vrlo sposobnim za učenje. Zbog svoje osobnosti i potreba za vježbanjem, nije prikladan za život u stanu. Appenzeller Sennenhund je trobojan, srednje velik, gotovo četvrtasto građen i uravnotežen. Mišićav je i okretan i dobar je za vožnju, čuvare, čuvare, kuće ili farme. Zbog svoje svestranosti i spremnosti, ističu se u agilnosti, poslušnosti, čuvanju stada te traganju i spašavanju;Okretni, svestrani, živahni;18;56;22;32;12;15;Tjedno četkanje;Regularly;Treba puno aktivnosti;Može biti tvrdoglav;Rezerviran s nepoznatima;
16;Austrlski stočarski pas;Australian Cattle Dog;Herding group;Dug između 17 i 20 inča u ramenu, australski govedarski pas je čvrst, mišićav pastir, snažan i okretan. ACD se rađa s bijelom dlakom koja postaje plavo-siva ili crvena. Obje varijante dlake imaju karakteristične pjegavosti ili mrlje. ACD-ovi imaju golemu radnu snagu i ističu se u lovu, tjeranju i, naravno, premještanju stoke. Njihova bezgranična energija i gipko hodanje čine ih izvrsnim partnerima u trčanju. ACD-i su vjerni, slavno pametni, uvijek oprezni i oprezni prema strancima. Ako ACD nije izazvan, lako mu postane dosadno i upadne u nestašluke. Preporuča se da vlasnici ACD-a sudjeluju sa svojim psom u nekom poslu, sportu ili redovitoj tjelovježbi kako bi ga održali u mentalnoj i tjelesnoj formi. Kompaktan, ali mišićav australski govedarski pas, koji se također naziva Blue Heeler ili Queensland Heeler, povezan je s poznatim australskim divljim psom Dingom. Ovi otporni pastiri dovoljno su inteligentni da rutinski nadmudre svoje vlasnike.;Budan, znatiželjan, ugodan;43;51;16;23;12;16;Povremeno kupanje i četkanje;Regularly;Treba puno aktivnosti;Može biti tvrdoglav;Rezerviran s nepoznatima;
17;Australski kelpi;Australian Kelpie;Foundation Stock Service;Kao pastirski pas, australski Kelpie izrazito je odan i predan dužnosti. Ima prirodni instinkt i sposobnost za rad s ovcama, bilo da se radi o otvorenim poljima ili u zatvorenim dvorištima. Ova pasmina potječe od pasa tipa škotski ovčar uvezenih iz Škotske, ali je razvijena da izdrži jaku vrućinu i suhe uvjete golemih otvorenih prostora Australije. Australski Kelpie je gibak, aktivan pas, sposoban za neumoran rad. Izuzetno je inteligentan, oprezan i nestrpljiv s neograničenom energijom.;Odan, oprezan, inteligentan;34;51;14;21;10;13;Tjedno četkanje;Regularly;Energetičan;Željan udovoljiti;Na oprezu / Responzivan;
18;Australski ovčar;Australian Shepherd;Herding group;"Australski ovčar, kaubojski pastirski pas, srednje je velik radnik s oštrim, prodornim pogledom u oči. Aussie kaputi nude različite izglede, uključujući merle (šarasti uzorak s kontrastnim nijansama plave ili crvene). Na sve načine, oni su slika robusnih i okretnih pokretača dionica. Australci pokazuju neodoljivu želju za krdom bilo čega: ptica, pasa, djece. Ova snažna radna želja Australce može učiniti prevelikim psom za vlasnika kućnog ljubimca koji sjedi. Australci su nevjerojatno inteligentni, prilično sposobni prevariti vlasnika početnika koji ništa ne sumnja. Ukratko, ovo nije kućni ljubimac za svakoga. Ali ako tražite pametnog, neumornog i sposobnog partnera za posao ili sport, vaša bi potraga mogla završiti ovdje. Australski ovčar, mršav, žilav pas s rančera, jedna je od onih priča ""samo u Americi"": europska pasmina usavršena u Kaliforniji putem Australije. Prisutni na rodeo stazi, usko su povezani s kaubojskim životom";Pametni, orijentirani na posao, veseli;46;58;18;29;12;15;Tjedno četkanje;Seasonal;Energetičan;Željan udovoljiti;Na oprezu / Responzivan;
19;Australski govedarski pas s trnastim repom;Australian Stumpy Tail Cattle Dog;Foundation Stock Service;Australski govedarski pas s trnastim repom nije australski govedarski pas s kupiranim repom. Postoje velike strukturne razlike u tipu pasmine između dvije pasmine pasa stočara. Stočarski psi Stumpy Tail prirodna su pasmina bob-taila. Neki Stumpy Tail mladunci rađaju se s dugim repovima i ne bi ih trebalo izbaciti iz uzgojnog programa ako su građevne kvalitete, već ih treba uzgojiti natrag u kvalitetne prirodne bob repove. Australian Stumpy Tail Cattle Dog Society of the United StatesDenyse Adams: chredacds8@gmail.comLori Graham: lgraham1145@yahoo.comKim McDonald: breezyacresstumpies@gmail.comKevin Nicholson: nicholson.klnicholson@gmail.com Australski Stumpy Tail Cattle Dog nije australski govedarski pas s kupirani rep. On je prirodno bob-tail pasmine i stoji pravokutnog oblika s dosta dugih nogu ispod tijela;Oprezan, može se trenirati, komičan;43;51;15;20;12;15;Tjedno četkanje;Occasional;Energetičan;Lak za treniranje;Na oprezu / Responzivan;
20;Australski terijer;Australian Terrier;Terrier group;Australski terijeri su mali, ali čvrsti, samopouzdani terijeri poznati po dugačkom torzu, prepoznatljivom dlačnom ukrasu oko vrata i prednjih četvrtina te mekoj, svilenkastoj dlaci na vrhu koja je u kontrastu teksture s inače grubom dlakom. Dugi vrat daje dašak elegancije ovom grubom i spremnom terijeru, a tamne oči svjetlucaju oštrom inteligencijom. Boje dlake su plavo-smeđe, jednobojne ili pješčane. Australci se kreću slobodnim i laganim hodom radnog psa. Oni su oprezni psi čuvari i kažu da brzo uče kada treniraju. Pravi terijeri, Aussieji vole kopati, a želja za jurnjavom za malim, krznenim stvorenjima nikada ih nije napustila. Ne uklapaju se uvijek u kućanstva s više pasa, Australci vas žele samo za sebe. Mali australski terijer odvažan je, živahan i pametan - kako su stavili toliko psa u tako mali paket? Optimističan i živahan, samouvjereni Aussie pristupa životu s puno stare terijerske znatiželje i odvažnosti.;Privržen, hrabar, spirited / poletan;25;28;7;9;11;15;Tjedno četkanje;Infrequent;Energetičan;Ugodan/Agreeable;Prijateljsko;
21;Azawakh;Azawakh;Hound group;Ovaj drevni lovački gonič toliko je mršav i krupan da mu se struktura kostiju i muskulatura mogu jasno vidjeti ispod kože. Glatke konture u obliku slova S, duboka prsa i aerodinamična glava označavaju Azwakha kao člana obitelji hrtova, pasa sprintera koji se oslanjaju na oštar vid i nevjerojatnu brzinu kako bi fiksirali i usmjerili svoj plijen. Ultrafini kaput dolazi u nekoliko boja i uzoraka. Sveukupni izgled ovog dugonogog goniča odiše elegancijom i finoćom, ali nemojte se zavarati: ovo je snažan, izdržljiv lovac koji gazele gane po užarenom pijesku Sahare više od tisuću godina. Visok i elegantan, Azawakh je zapadnoafrički hrt koji potječe iz zemalja Burkine Faso, Malija i Nigera. Azawakh ima kratku, finu dlaku koja može biti u bilo kojoj boji ili kombinaciji boja: crvenoj, prozirnoj pješčanoj do žutosmeđoj, prošaranoj, polubojnoj (koja može biti pretežno bijela), plavoj, crnoj i smeđoj. Glava može imati crnu masku i mogu postojati bijele oznake na nogama, prsniku i na vrhu repa. U pasmini nema diskvalifikacija boje ili oznake. U skladu sa svojim nasljeđem, Azawakh se ističe kao pratilac, čuvar i mamac u Sjedinjenim Državama.;Odan, neovisan, duboko privržen;60;74;15;25;12;15;Tjedno četkanje;Occasional;Redovito vježbanje;Nezavisan;Prijateljsko;
22;Barbet;Barbet;Sporting group;Karakteristika koja definira ovog rustikalnog psa ptičara srednje veličine je gusta kovrčava dlaka koja ga pokriva od vrha njegove velike, široke glave do vrha njegovog zakrivljenog repa. Dlaka dolazi u nijansama crne, sive, smeđe ili smeđe, ponekad s bijelim oznakama. Prekrasna čupava dlaka i ljubazna priroda ove pasmine stvaraju dojam oživljenog Muppeta, ali Barbet je snažan, čvrsto građen pas koji je stoljećima uzgajan da bude strastven lovac i neumoran plivač. Barbeti su vrlo inteligentni i brzo uče nove stvari. Mirne su prirode i s njima je lako živjeti sve dok su njihove potrebe za tjelovježbom zadovoljene. Arhetipski vodeni pas Francuske, Barbet je rustikalna pasmina srednje veličine i uravnoteženih proporcija koja se pojavljuje u umjetničkim djelima već u 16. stoljeću. U profilu, Barbet je blago pravokutan s velikom glavom i dugim, zamašnim repom. Ima dugu, gustu kovrčavu kosu i prepoznatljivu bradu. Okretan sportaš, Barbet se prvenstveno koristio za lociranje, ispiranje i vađenje ptica. Vesele je naravi i vrlo je društven i odan.;Prijateljski nastrojen, bistar, ljupak;48;62;16;29;12;14;Tjedno četkanje;Infrequent;Redovito vježbanje;Ugodan/Agreeable;Prijateljsko;
23;Basenji;Basenji;Hound group;"Basenji su mali, graciozni goniči koji stoje 16 ili 17 inča u ramenu. Prepoznatljivi su po svjetlucavoj kratkoj dlaci, čvrsto uvijenom repu, naboranom čelu i izražajnim bademastim očima koje odaju razne suptilne, ljudske emocije. Basenjiji su lijep prizor kad miruju, ali još impresivniji u brzom kasu, kada pokazuju duge, glatke korake mini-trkaćeg konja. I da, istina je, oni ne laju, ali daju do znanja čudnim zvukom koji se opisuje kao nešto između cviljenja i jodlanja. Basenjiji su probirljivi i njeguju se poput mačaka. Ovo je nazvano ""kultna pasmina"" - malobrojna, ali oni koji imaju dovoljno sreće da je posjeduju, čine to s posebnom predanošću. Basenji, afrički ""pas bez lajanja"", kompaktan je lovac slatkog lica inteligencije i staloženosti. Oni su jedinstveni i zavodljivi kućni ljubimci, najbolji za vlasnike koji mogu zadovoljiti svoje potrebe za tjelovježbom i izazov dresure ovog mačjeg psa.";Neovisan, pametan, staložen;41;43;10;11;13;14;Povremeno kupanje i četkanje;Occasional;Energetičan;Nezavisan;Rezerviran s nepoznatima;
24;Baset;Basset;Foundation Stock Service;"Fauve de Bretagne,""Baset Fauve de Bretagne, poznat i kao bretonski baset žutosmeđe boje, mali je, zdepast, grubo dlaki, izdržljiv pas koji je energičan i brz za svoju veličinu. Fauve se dobro slaže s djecom i drugim kućnim ljubimcima. Obuka i socijalizacija su obavezni ili Fauves mogu upasti u nestašluke. No, ne lajavci, vi ćete, međutim, znati ako je zec trči kroz dvorište, dok oni tada daju ""glas"" goniču i jure. Ova pasmina jednako je sretna u polju kao što je sklupčan uz obitelj na sofi, Basset Fauve de Bretagne je ozbiljan lovac, lako prilagodljiv različitim vrstama divljači i terena. Jednako je izvrstan pas za društvo, jer je veseo, inteligentan i željan ugoditi.";Pametan, veseo, odlučan;32;39;12;19;12;12;Tjedno četkanje;Seasonal;Redovito vježbanje;Može biti tvrdoglav;Otvoreno;
25;Basset gonič;Basset Hound;Hound group;"Baset nije viši od 14 inča u ramenu, ali sa svojom izuzetno teškom kosti, snažnim malim nogama i masivnim šapama, posjeduje snagu i izdržljivost velikog psa. Baseti su poznati po velikoj, kupolastoj glavi koja ima izuzetno duge, baršunaste uši, žalosne oči i naborano čelo, što pasmini daje izgled tužnog klauna. Izgrađen više za izdržljivost nego za brzinu, Basset se kreće promišljeno, ali bez napora. Sposobnost mirisa pasmine je nevjerojatna; kaže se da je među psima samo nos krvosljednika točniji. Blag i ugodan kod kuće, baset je tvrdoglav na stazi i laje glasnim, zvonkim glasom. Iako možda nisu pretjerano demonstrativni u svojim osjećajima, oni su postojano odani. Među najprivlačnijim AKC pasminama, ljupki i odmah prepoznatljivi baset vječni je miljenik ljubitelja pasa diljem svijeta. Ovaj skromni i suzdržani gonič ponekad može biti tvrdoglav, ali uvijek je šarmantan.";Šarmantan, strpljiv, suzdržan;38;38;18;29;12;13;Četkanje 2-3 puta tjedno;Occasional;Couch potato;Nezavisan;Prijateljsko;
26;Bavarski planinski krvosljednik;Bavarian Mountain Scent Hound;Foundation Stock Service;"Porijeklom iz Njemačke, bavarski planinski gonič je Bayerischer Gebirgsschweisshund na svom materinjem njemačkom jeziku. Najistaknutija osobina pasmine je njezina izvanredna sposobnost praćenja ""hladnog nosa"". Nos mu je toliko oštar da može razlikovati ozlijeđenu divljač koju lovi od drugih životinja iste vrste. Ova pomalo lagana, aktivna pasmina srednje veličine odana je svom vlasniku, ali može biti rezervirana prema strancima. On nije pas za uzgajivačnicu i radije je u društvu svoje ljudske obitelji. Bavarski planinski gonič je miran i uravnotežen, odan svom vlasniku, a rezerviran prema strancima. On je zdrav, samouvjeren, neustrašiv, ugodan pas, niti sramežljiv niti agresivan.";Odan, svestran, rezerviran prema strancima;43;52;17;30;12;15;Tjedno četkanje;Regularly;Redovito vježbanje;Ugodan/Agreeable;Rezerviran s nepoznatima;
27;Bigl;Beagle;Hound group;"Postoje dvije vrste Beaglea: oni koji stoje ispod 13 inča u ramenu i oni između 13 i 15 inča. Obje su varijante čvrste, čvrste i ""velike za svoje inče"", kako kažu psi. Dolaze u tako ugodnim bojama kao što su limun, crvena i bijela i trobojnica. Beagleovo bogatstvo je u njegovom ljupkom licu, s njegovim velikim smeđim ili očima boje lješnjaka istaknutim dugim, psećim ušima postavljenim nisko na širokoj glavi. Pasmina koju su odgajivači opisali kao ""veselu"", Beagleovi su dragi i dragi, sretni i druželjubivi - sve su to kvalitete koje ih čine izvrsnim obiteljskim psima. Nije ni čudo da je Bigl već godinama najpopularniji pas gonič među američkim vlasnicima kućnih ljubimaca. Ovo su znatiželjni, pametni i energični goniči kojima je potrebno puno vremena za igru. Ne samo da je Bigl izvrstan lovački pas i vjeran pratilac, već je i veseo, zabavan i – zahvaljujući svom molećivom izrazu lica – sladak. Uzgajani su za lov u čoporima, pa uživaju u društvu i općenito su opušteni.";Prijateljski raspoloženi, znatiželjni, veseli;33;28;4;13;10;15;Četkanje 2-3 puta tjedno;Seasonal;Energetičan;Ugodan/Agreeable;Prijateljsko;
28;Bradati koli;Bearded Collie;Herding group;"Stojeći 20 do 22 inča u ramenu i pokriveni od glave do repa u čupavoj dvostrukoj dlaci, Beardies prolazno podsjećaju na drugog britanskog favorita, staroengleskog ovčara. Ispod kaputa, Beardies su vitkiji i uglatiji od njih dvoje. Raskošne dlake na licu ne bi trebale zakloniti karakterističan izraz: sanjiv, odmaknut pogled. Ovih razularenih stripova može biti pregršt—ali uglavnom su Bradonje otprilike 50 funti srca, energije i smijeha. Dobro socijalizirani bradači dobro će se slagati s drugim životinjama i djecom. Lako im je dosadno, a trening mora biti zanimljiv. Obitelji koje borave u prirodi i traže snažnog psa s kojim će dijeliti brzi životni stil nikada neće pronaći privrženijeg i zabavnijeg pomoćnika. Buran i karizmatičan pas za vožnju iz Škotske, bradati škotski ovčar čupave dlake (""Beardie"" njegovim prijateljima) uživa u vježbanju na otvorenom po svim vremenskim uvjetima. Odgojeni da budu neovisni donositelji odluka, mogu biti samovoljni, ali su uvijek prijateljski raspoloženi.";Pametni, živahni, karizmatični;51;56;20;25;12;14;Dnevno četkanje;Seasonal;Redovito vježbanje;Nezavisan;Otvoreno;
29;Boseron;Beauceron;Herding group;"Beaucerons su mišićavi, grubi i veliki, visoki čak 27,5 inča u ramenu, a opet graciozni i na sve načine uravnoteženi. Njihova tamnocrna dlaka ima zgodne naglaske crvene boje vjeverice, uključujući crvena stopala zbog kojih je pasmina dobila francuski nadimak Bas-Rouge (""crvene čarape""). Također se mogu vidjeti u crno-sivo-smeđem kaputu. Duga glava je dobro isklesana, a tamnosmeđe oči odaju izraz koji uzgajivači pasmine opisuju kao iskren i samouvjeren. Nisu za vlasnike početnike, koji bi mogli završiti u vlasništvu svog dominantnog psa umjesto obrnuto. Ipak, dobro dresirani i socijalizirani Beauceroni su razboriti psi čuvari i čuvari, posebno dobri s mladima, malima i bespomoćnima. Beauceron je impozantan i moćan, ali također izuzetno pametan, živahan i svestran stočar - zamislite mozak Border Collieja u tijelu teškom 100 funti. Posebno ih vole žene kao poletnog, ali osjetljivog suputnika i zaštitnika.""";Nježan, vjeran, poslušan;61;70;32;50;10;12;Četkanje 2-3 puta tjedno;Frequent;Treba puno aktivnosti;Lak za treniranje;Rezerviran s nepoznatima;
30;Bedlingtonški terijer;Bedlington Terrier;Terrier group;"Bedlingtoni su gipki, energični Englezi. Svjež, kovrčav kaput; zakrivljena leđa; uši s resicama; rep u obliku sabljasta; i runasta glava u obliku kruške prepoznatljiva su obilježja ove jedinstvene pasmine. Kao što zaobljene konture pokazuju, postoji hrt - najvjerojatnije Whippet - u njihovom obiteljskom stablu. Bedlingtoni se kreću laganim, elastičnim korakom, a kada su potaknuti na potjeru, mogu trčati poput vjetra. Vatreni, šarmantni i puni zabave, Bedlingtoni najviše žele biti u središtu pozornosti svoje obitelji i poznati su po tome da se ponašaju zaštitnički prema voljenima. Za aktivnu obitelj koja traži živahnog i odanog suputnika bez linjanja, potraga bi ovdje mogla završiti. Graciozni terijeri u ovčjoj koži, Bedlington terijeri, nazvani po engleskom rudarskom okrugu gdje su prvi put uzgojeni, ljubazni su sustanari, oprezni psi čuvari, svestrani sportaši i neodoljivo umiljati suputnici u televizijskim emisijama.";Odani, šarmantni, zafrkantski;38;44;8;10;11;16;Četkanje 2-3 puta tjedno;;Energetičan;Ugodan/Agreeable;Na oprezu / Responzivan;
31;Belgijski lekenoi;Belgian Laekenois;Miscellaneous Class;"Od četiri blisko povezana belgijska stočara — belgijski ovčar, malinois, tervuren i lakenois — lakenois je najrjeđi. Ovaj snažan i čvrst pas razlikuje se od svoje braće po gruboj, raščupanoj dlaci koja dolazi u nijansama crvene ili smeđe ili u sivkastim tonovima. Crnjenje oko njuške ukazuje na izraz oštre budnosti koji sija iz tamnih očiju u obliku badema. Belgijski Laekenois zaštitnički je nastrojen prema svom gospodaru i vlasništvu. Iako je pažljiv prema strancima, pasmina je privržena i prijateljski raspoložena prema onima koje dobro poznaje. Dlaka Laekenoisa zahtijeva redovito četkanje i povremeno kupanje, a kao radni pas potrebna mu je dnevna vježba. Snažan, okretan i pun života, belgijski laekenois (izgovara se """"Lak-in-wah"") jedan je od četiri domaća psa Belgije. Iako je tijelom i temperamentom sličan Malinoisu, Shepherdu i Tervurenu, Laekenois se razlikuje po boji dlake, teksturi i duljini, kao i području podrijetla.";Ljubazan, Pažljiv, Inteligentan;56;66;27;29;10;12;Tjedno četkanje;Regularly;Energetičan;Lak za treniranje;Rezerviran s nepoznatima;
32;Belgijski malinoi;Belgian Malinois ;Herding group;Belgijski malinoi su četvrtasto građeni, ponosni i oprezni stočari visoki 22 do 26 inča. Snažni i mišićavi, ali više elegantni nego glomazni, oni imaju iskren, neupadljiv izgled, kakav i priliči psima izgrađenim da marljivo rade za svoju hranu. Obilježje pasmine je ponosno držanje glave. Boje dlake kreću se od bogato smeđe do mahagonija. Crne uši i maska ​​naglašavaju svijetle, upitne oči boje tamne belgijske čokolade. Ako ste ikada vidjeli Mal-a kako izvodi rutinu poslušnosti, znate iz prve ruke kako je to pametna i željna pasmina. Međutim, problemi nastaju kada je ovaj pas orijentiran na ljude nedovoljno zaposlen i zanemaren. Vježbanje, i to u izobilju, po mogućnosti rame uz rame s njihovim obožavanim vlasnikom, ključno je za Mal sreću. Pametan, samouvjeren i svestran belgijski malinois radnik je svjetske klase koji stvara neraskidivu vezu sa svojim ljudskim partnerom. Uskratiti Malu aktivnost i zadovoljstvo vašeg društva znači lišiti ga samih razloga zašto postoji.;Samouvjeren, pametan, vrijedan;56;66;18;36;14;16;Tjedno četkanje;Seasonal;Energetičan;Lak za treniranje;Rezerviran s nepoznatima;
33;Belgijski ovčar;Belgian Sheepdog;Herding group;"Uzbudljiva silueta belgijskog ovčara odaje i eleganciju i odlučnost mišića. Lijepa značajka pasmine je izuzetno ponosno držanje glave i vrata. Mužjak može stajati 26 inča u ramenu; ženke su manje. Tamne oči blistaju upitnom inteligencijom, a crna dlaka je bogata, od ""ovratnika"" na vratu do ""hlača"" na stražnjim nogama. U svakom pogledu, belgijski ovčari imaju svijetle oči i čupav rep. U bilo kojem sportu ili aktivnosti, Belgijac će uvijek dati 100 posto. Zauzvrat, vlasnici imaju tendenciju stvoriti posebnu vezu sa svojim željnim radoholičarima. Kao što jedan poklonik kaže, Belgijci “potiču tako intenzivnu odanost jer i sami žive i vole s tako velikom strašću.” Belgijski ovčar je pastir koji se dobro dresira o čijoj su svestranosti i inteligenciji kružile legende. Ovo je pasmina izgrađena za naporan rad, i to dosta. Ove osjetljive duše žude za ljudskim društvom i gnušaju se zanemarivanja";Bistar, Pažljiv, Ozbiljan;56;66;20;34;12;14;Četkanje 2-3 puta tjedno;Seasonal;Energetičan;Lak za treniranje;Rezerviran s nepoznatima;
34;Belgijski Tervuren;Belgian Tervuren;Herding group;"Belgijskog tervurena karakterizira ravna i bujna dlaka, elegantno, ali mišićavo tijelo, ponosno nošena glava, budno i inteligentno držanje i nezasitna radna želja. Namještaj Tervurenovog kaputa, poput sportskog ""ovratnika"" oko vrata, bogatiji je na mužjacima, koji su veći od ženki. ""Njihova inteligencija i visoka razina aktivnosti mogu biti izazov za manje kreativne pojedince koji možda ne razumiju potrebu pasmine za radom"", upozorava jedan dugogodišnji vlasnik. Ali nemojte shvatiti da su Tervureni mračni, mehanički radni trutovi. Zapravo, ova pasmina uživa u svojoj sposobnosti da svlada bilo koji zadatak, a vlasnici kažu da je nestašan smisao za humor na djelu kad god Tervurens nadmudri svog voljenog čovjeka. Elegantni, okretni belgijski tervuren bistar je i samouvjeren pastirski pas srednje veličine, poznat kao nježan i posesivan prema voljenima. Puno napornog rada i izazovne igre raj je za ovog neumornog psa koji radi sve.";Hrabar, Pažljiv, Inteligentan;56;66;20;34;12;14;Četkanje 2-3 puta tjedno;Seasonal;Energetičan;Lak za treniranje;Rezerviran s nepoznatima;
35;Bergamosco ovčar;Bergamasco Sheepdog;Herding group;"Ispod jedinstvene dlake nalazi se veliki, mišićavi pastirski pas drevnog podrijetla. No, budući da je dlaka zaštitni znak pasmine, pogledajmo izbliza. Bergamasco ovčar ima dlaku tri različite teksture koje tvore prirodne labave prostirke, ili ""stada"" (pramenovi dlake isprepleteni zajedno, stvarajući ravne slojeve filcane dlake), prekrivajući tijelo i noge. Jata pružaju zaštitu od žestoke hladnoće i divljih grabežljivaca talijanskih Alpa, pradomovine ove pasmine. Bergamascosi su bistri, odani, puni ljubavi i podložni dresuri - s trunkom neovisnosti planinskih pasa. Paze na svoje voljene sa spokojnom budnošću. Oprezni prema strancima dok se pravilno ne upoznaju, Bergamascosi su agresivni samo u krajnjem slučaju. Općenito zadovoljan djecom i drugim životinjama, Bergamasco koji ne zahtijeva mnogo održavanja i robusno zdrav je puno više od frizure koja zaustavlja zabavu. Željni ugoditi, pametni i tvrdoglavo predani poslu, Bergamascos su strpljivi, ali zaštitnički nastrojeni.";Neovisni, društveni, inteligentni;56;60;26;38;13;15;Povremeno kupanje i četkanje;Infrequent;Miran;Ugodan/Agreeable;Rezerviran s nepoznatima;
36;Berger Picard;Berger Picard;Herding group;"Berger Picarda možete uočiti milju daleko zahvaljujući njegovim uspravnim ušima visokim 4 do 5 inča, valovitoj dlaci smeđe ili tigraste boje i snažnom repu koji se sužava do prepoznatljive J-kuke. Mužjaci su visoki čak 26 inča, a ženke samo 21 inč. Oči su tamne i svjetlucave, a pravokutna glava opremljena je čupavim obrvama, bradom i brkovima - sama slika mudrog i svjetovnog Francuza. Berger Picard je idealan suputnik za atletske vlasnike. Njihova čvrsta građa, okretnost i beskrajna energija čine ih željnim partnerima u svim vrstama sportova, igara i zabava na otvorenom. Vježba je obavezna; dugotrajna besposlica i zanemarivanje vjerojatno će ove osjetljive, superpametne pse dovesti do destruktivnog ponašanja. Berger Picard je vitki pastirski pas jakih kostiju i snažne građe. Picardi su proveli stoljeća kao neovisni rješavači problema, stoga su rana socijalizacija i pozitivna obuka neophodni da bi se nosili s njihovom tvrdoglavom žicom.";Lojalan, dobrodušan, pozoran;55;65;23;32;12;13;Povremeno kupanje i četkanje;Seasonal;Treba puno aktivnosti;Lak za treniranje;Na oprezu / Responzivan;
37;Bernski planinski pas;Bernese Mountain Dog;Working group;The Bernese Mountain Dog is a large, sturdy worker who can stand over 27 inches at the shoulder. The thick, silky, and moderately long coat is tricolored: jet black, clear white, and rust. The distinctive markings on the coat and face are breed hallmarks and, combined with the intelligent gleam in the dark eyes, add to the Berner’s aura of majestic nobility. A hardy dog who thrives in cold weather, the Berner’s brain and brawn helped him multitask on the farms and pastures of Switzerland.Berners get along with the entire family and are particularly gentle with children, but they will often become more attached to one lucky human. Berners are imposing but not threatening, and they maintain an aloof dignity with strangers. Big, powerful, and built for hard work, the Bernese Mountain Dog is also strikingly beautiful and blessed with a sweet, affectionate nature. Berners are generally placid but are always up for a romp with the owner, whom they live to please.;Dobrodušni, mirni, snažni;58;70;32;52;7;10;Četkanje 2-3 puta tjedno;Frequent;Energetičan;Lak za treniranje;Rezerviran s nepoznatima;
38;Bišon Frize;Bichon Frise;Non-Sporting Group;"Bichon dobre veličine izdržat će nijansu ispod stope visine u ramenu. Slava pasmine je bijela hipoalergena dlaka, plišana i baršunasta na dodir, sa zaobljenom dlakom na glavi koja ističe velike, tamne oči i crnu kožu nosa i usana. Bišoni su prilagodljivi prijatelji koji se dobro slažu s drugim psima i djecom. Pažljivi i znatiželjni, bišoni su zgodni mali psi čuvari - ali oni su ljubavnici, a ne borci, i djeluju pod pretpostavkom da ne postoje stranci, samo prijatelji koje još nisu upoznali. Njihovo samopouzdanje i veličina čine ih idealnim gradskim psima. Bišoni se lijepo treniraju i uživaju u nastupima za svoje najdraže. Konačno, tu je vesela Bichon osobnost koja mami osmijehe i zagrljaje kamo god stignu. Mali, ali čvrsti i otporni Bichon Frise jedan je od najvećih svjetskih ""psa osobnosti"". Od davnina, ovi neodoljivi pseći komičari oslanjali su se na šarm, ljepotu i inteligenciju kako bi prebrodili povijesne uspone i padove.";Razigrani, znatiželjni, veseli;24;29;5;8;14;15;Specialty/Professional;Infrequent;Redovito vježbanje;Ugodan/Agreeable;Otvoreno;
39;Biewer terijer;Biewer Terrier;Miscellaneous Class;Biewer terijer predan je, odan član obitelji i prijatelj svima koje sretne. Nije neuobičajeno da nas ovaj veseli pas dočeka s osmijehom. Iako nisu stalni lajavci, upozorit će vas na društvo. Uz veću osobnost, njihov bezbrižan, djetinjasto ćudljiv stav zabavljat će vas satima. Unatoč svom malom stasu, srčani su i atletski građeni, sposobni držati korak s najboljima u dugim šetnjama, planinarenju ili natjecanju u agility ringu. Biewer terijer je elegantan, dugodlaki, trobojni toy terijer čija je jedina svrha života voljeti i biti voljen. Oni zadržavaju šarmantan, ćudljiv stav iu odrasloj dobi. Nošenje igračke ili dvije nije iznenađujuće.;Inteligentan, odan, zabavan;18;28;2;4;16;16;Četkanje 2-3 puta tjedno;;Miran;Željan udovoljiti;Otvoreno;
40;Crnosmeđi gonič rakuna;Black and Tan Coonhound;Hound group;"Black and Tans imaju nevjerojatno osjetljiv nos, duge, baršunaste uši i slatku narav. Dlaka crne boje ugljena ima bogate akcente preplanule boje, uključujući prepoznatljive ""sjemenke bundeve"" iznad oštro izražajnih očiju. Ovo su veliki, snažni goniči: mužjak dobre veličine može stajati 27 inča u ramenu i pokrivati ​​tlo laganim, željnim koracima. B&T-ovi su društveni psi. Usamljeni B&T zasvirat će susjedstvo glasnom, tugaljivom ""glazbom"". B&T mogu držati korak s najaktivnijom obitelji, ali također mogu satima sjediti na sofi. Goniči će ostati goniči: vjeverica u prolazu može pobuditi B&T tjeranje plijena u tren oka, pa su jak povodac i čvrsta ograda obavezni. B&T bi mogli biti preveliki psi za životni stil svakog vlasnika. Veliki, atletski lovci koji rade noću, Crno-žuti Coonhounds su prijateljski raspoloženi, opušteni goniči koji vole društvo. Drijemaju uz kamin, ali su uporni kad su na tragu lukavog rakuna. Ovaj gonič je pravi američki original.";Opušten, bistar, hrabar;58;69;29;50;10;12;Tjedno četkanje;Seasonal;Redovito vježbanje;Nezavisan;Prijateljsko;
41;Crni ruski terijer;Black Russian Terrier;Working group;"Koju riječ tražimo? Impozantan? Ogroman? Veličanstven? Što kažete na jednostavno ""veliko"". Ovaj snažni pas čuvar sibirskih stepa može prevagnuti vagu na 140 funti i stajati čak 30 inča u visini ramena. Mnogo su viši kada se uzme u obzir golema glava u obliku cigle. Razbarušeni, potpuno crni kaput dovoljno je topao da omogući BRT-ovima da patroliraju nekim od najhladnijih nastanjivih mjesta na zemlji. Stari izraz ""Dobro se kreće za velikog tipa"" odnosi se na ovog okretnog diva. Crni ruski terijer je velik, neizmjerno snažan radnik, teške kosti i grube potpuno crne dlake. BRT-ovi su poznati po svojoj hrabrosti, samopouzdanju i inteligenciji. Uzgajani da čuvaju i štite, prirodno su povučeni prema strancima.";Inteligentni, mirni, moćni;66;76;36;59;10;12;Dnevno četkanje;Seasonal;Energetičan;Lak za treniranje;Rezerviran s nepoznatima;
42;Bloodhound;Bloodhound;Hound group;"Bloodhounds su veliki, čvrsti psi koji stoje 23 do 27 inča u ramenu i teže do 110 funti. Njihove najpoznatije značajke su dugo, naborano lice s opuštenom kožom; ogromne, spuštene uši; i tople, duboko usađene oči koje upotpunjuju izraz ozbiljnog dostojanstva. Boje dlake mogu biti crna i žutosmeđa, jetreno smeđa ili crvena. Snažne noge omogućuju Bloodhoundima da nanjuše kilometre teškog terena. Kao tovarni psi, Bloodhoundi uživaju u društvu, uključujući druge pse i djecu. Ležerni su, ali ih njihov nos ponekad zna dovesti u nevolju. Preporuča se jak povodac i duge šetnje na mjestima gdje mogu uživati ​​u njuškanju. Goniči su balavci, a dresura poslušnosti ovih osjetljivih detektiva može biti izazov. Svjetski poznati ""gonič detektiv"" jednu stvar radi bolje od bilo kojeg stvorenja na zemlji: pronalazi ljude koji su izgubljeni ili se skrivaju. Bloodhound koji nije na dužnosti jedan je od najposlušnijih građana psećeg kraljevstva, ali je neumoljiv i tvrdoglav na miris.";Prijateljski nastrojen, neovisan, radoznao;58;69;27;50;10;12;Tjedno četkanje;Seasonal;Redovito vježbanje;Nezavisan;Na oprezu / Responzivan;
43;Gonič rakuna s plavim oznakama;Bluetick Coonhound;Hound group;"Plavi krpelji su brzi i zbijeni noćni lovci nazvani po šarenom (ili ""štikiranom"") crno-plavom uzorku sjajne dlake. Veliki mužjak može doseći 27 inča i 80 funti; ženke su manje. Plavi krpelji su dobro mišićavi, ali uglađeni i živahni, nikad zdepasti ili nespretni. Zavijanje, zavijanje i rezanje laveža plavih krpelja nekima može biti kakofonično, ali za lovce na rakune to je glazba noći. Šarm spuštenih ušiju plavih krpelja je neodoljiv. Oni žude za ljubavlju i duboko su odani onima koji je pružaju. Plavi krpelji imaju ogromnu lovinu. Zanemareni, nedovoljno zaposleni coonhoundi bez izlaza za svoje ukorijenjene impulse mogu razviti problematična ponašanja, poput pjevanja serenada susjedima uz glasnu, tugaljivu ""glazbu"". Elegantno lijepi plavokrpeljski gonič drag je i privržen šarmer koji bi mogao uživati ​​u drijemanju u hladu, ali u potrazi za lovom on je neumoljiv, odvažan i jednosmjeran. Mora se usmjeriti njegov neuobičajeni plijenski nagon.";Pametan, predan, uporan;53;69;20;36;11;12;Tjedno četkanje;Seasonal;Redovito vježbanje;Ugodan/Agreeable;Prijateljsko;
44;Borboel;Borboel;Working group;"Ovaj uglađeni osvetnik, koji može stajati čak 27 inča na ramenu i težiti koliko i vi, ima jednostavnost i besmislicu. Široka i čvrsta glava, snažne čeljusti i debeli mišići od vrata do stražnjice označavaju ga kao potomka drevne obitelji pasa ""molloser"", temelja današnjih pasmina mastifa. U pokretu, Boerboel je možda najagilniji od svih vrsta mastifa. Impozantni Boerboel predan je zaštiti ljudi i mjesta koja voli. Obuka i socijalizacija trebaju započeti rano, prije nego što štene postane dominantna odrasla osoba. Ovo je svestrana pasmina koja se može dresirati, željna druženja sa svojim obožavanim ljudima. Ipak, Boerboel bi mogao biti previše pas za vlasnika početnika. Boerboeli su zastrašujući, ali pronicljivi čuvari doma i obitelji koji su naučili svoj zanat dok su štitili udaljena južnoafrička imanja od divljih grabežljivaca. Dominantni su i samouvjereni, također bistri i željni učenja.";Samouvjereni, inteligentni, smireni;56;69;68;91;9;11;Povremeno kupanje i četkanje;Occasional;Miran;Ugodan/Agreeable;Rezerviran s nepoznatima;
45;Voemski ovčar;Bohemian Shepherd;Foundation Stock Service;inteligentna, živahna, brza, atletska pasmina koja s entuzijazmom prihvaća većinu uvedenih aktivnosti, što ovu pasminu čini prilično svestranom. Uspješni su u mnogim arenama kao što su agility, dog dancing, schutzhund, potraga i spašavanje, rad na nosu, praćenje, pastoralni rad, poslušnost, terapijski psi, službeni psi, a sada prodiru i u područja coursinga, ronjenja na dokovima i testova izdržljivosti. Boemski ovčar je izvrstan obiteljski pas zbog svoje privrženosti članovima obitelji i obožavanja djece. Ovo je pasmina koja voli biti sa svojom obitelji, a dobro se slaže i s drugim neljudskim članovima obitelji kada se s njima odgaja. Klub bohemskih ovčara Sjeverne AmerikeE-pošta: bscnainfo@gmail.com Bohemian Shepherd je inteligentna, živahna, brza, atletska pasmina koja s entuzijazmom pozdravlja većinu uvedenih aktivnosti, što pasminu čini prilično svestranom.;Prijateljski raspoložen, odan, oprezan i inteligentan;49;55;17;27;12;15;Povremeno kupanje i četkanje;Occasional;Redovito vježbanje;Lak za treniranje;Na oprezu / Responzivan;
46;Bolonjac;Bolognese;Foundation Stock Service;Bolognese je malen, zdepast i četvrtasto građen. Prilično je miran i neaktivan, odan svom gospodaru i svom narodu. Mogu biti sramežljivi prema strancima, ali brzo se zagriju ako su pravilno socijalizirani. Sklon tjeskobi zbog odvajanja, bolonjezer se ne snalazi dobro sam dulje vrijeme. Ne bi bili prikladni za ljude s radnim danom od 9 do 5. Bolosi su stara pasmina, poznata od strane kraljeva i plemića u rimsko doba, a davani su kao dragocjeni darovi između bogatih i moćnih. Mala kućna pasmina podrijetlom iz Italije, bolonjezer je miran, vjeran pas s dugom, pahuljastom čisto-bijelom dlakom. Vrlo su razigrani, opušteni i vole ljude.;Zaigran, ležeran, predan;25;30;2;4;12;14;Četkanje 2-3 puta tjedno;Infrequent;Miran;Ugodan/Agreeable;Prijateljsko;
47;Border koli;Border Collie;Herding group;"Borderi su atletski građeni stočari srednje veličine koji stoje 18 do 22 inča u ramenu. Sveukupni izgled je mišićav, ali okretan radnik neiskvaren prolaznim hirovima. I gruba dlaka i glatka dlaka dolaze u raznim bojama i uzorcima. Bademaste oči su fokus inteligentnog izraza - intenzivan pogled, Borderovo poznato ""stadno oko"", zaštitni je znak pasmine. U pokretu, Bordersi su među najagilnijim, uravnoteženim i najizdržljivijim građanima psećeg kraljevstva. Inteligencija, atletizam i sposobnost treniranja Bordersa imaju savršenu odušku u treningu agilnosti. Imati posao koji treba obavljati, kao što je agility—ili posao čuvanja stada ili poslušnosti—ključ je za Border sreću. Ljubazni među prijateljima, mogu biti rezervirani prema strancima. Nevjerojatno bistar radoholičar, Border Collie je nevjerojatan pas—možda previše nevjerojatan za vlasnike koji nemaju vremena, energije ili sredstava da ga zaokupe. Ovi energični psi će se smjestiti za vrijeme maženja kada završi radni dan.";Ljubazni, pametni, energični;46;56;14;25;12;15;Četkanje 2-3 puta tjedno;Seasonal;Treba puno aktivnosti;Željan udovoljiti;Rezerviran s nepoznatima;
48;Graničarski terijer;Border Terrier;Terrier group;"Border terijere, koji stoje od 11 do 16 inča u ramenu, lako je prepoznati među ostalim malim terijerima po njihovom jedinstvenom obliku glave - pasmina ima ""glavu vidre"", kako kažu odgajivači. Još jedna prepoznatljiva osobina je da su im noge duže od ostalih malih terijera. Žičasta dlaka može biti siva i žutosmeđa, plava i žutosmeđa, pšenična ili crvena. Borders se opisuju kao ""tvrdi kao čavli"" kada rade, ali kod kuće su dobre naravi, nježni i podložni dresuri. Borders vole istraživati ​​na otvorenom i bili su dobri prijatelji u igri iz djetinjstva. Uzgajani da budu seoski psi, Borderi se dobro prilagođavaju gradskom životu - sve dok se puno kreću. Borderi se slažu s drugim psima, ali njihovi lovački instinkti mogu se probuditi kada im mačke ili vjeverice stanu na put. Obožavatelji optimističnog i agilnog Border terijera njeguju reputaciju svoje pasmine kao izdržljivog, jednostavnog radnog terijera. Ovi odvažni, sretni i nježni psi popularni su kućni ljubimci u gradu i na selu. Žilavo krzno je lako čuvati.";Ljubazan, sretan, odvažan.;30;38;5;7;12;15;Tjedno četkanje;Occasional;Redovito vježbanje;Lak za treniranje;p;
49;;;;;;;;;0;;;;;;;;
